AA,Shannon Entropy
M,0
K,0.6656
T,1.7056
I,0.8641
I,1.4436
A,1.572
L,0.3231
S,1.2202
Y,1.0889
I,1.4798
L,1.363
C,1.8645
L,1.6562
V,1.5941
S,1.9187
T,1.4916
D,1.0274
T,0.5707
L,0.7603
C,0.0419
I,1.0397
G,0.0227
Y,1.0212
H,0.0595
A,0.0838
N,1.1029
N,1.1226
S,1.0072
T,1.0201
T,1.3544
T,1.8366
V,0.0172
D,1.0922
T,0.0086
I,1.1222
T,1.2661
E,1.1726
D,1.2847
N,1.5654
V,1.0329
T,1.0819
V,0.0154
T,0.0897
H,1.0467
A,1.0058
T,1.4549
E,1.3192
L,0.5411
L,1.0427
E,1.0801
D,2.017
S,1.5308
H,1.1515
N,1.6256
G,0.1934
K,1.6056
L,1.0002
C,0.0163
D,2.0522
L,1.319
P,1.9082
G,0.5613
H,1.7162
A,1.8389
P,1.124
L,0.1254
D,1.7746
L,0.9998
G,1.7404
N,1.43
C,0.0236
T,1.5768
L,1.4336
A,1.1601
G,0.9995
W,1.1451
L,1.024
L,0.1542
G,0.0086
N,1.0861
P,0.0159
E,1.6997
C,0.0187
D,1.017
G,1.9787
F,1.0328
Q,1.8783
N,1.7528
A,1.3369
K,1.9624
S,1.6144
W,0.0959
S,1.0387
Y,1.0216
I,1.0268
V,0.5063
E,0.0454
R,1.4406
S,1.2219
K,1.9498
A,1.5781
D,1.4336
N,1.5838
S,1.3337
N,1.6111
C,0.0104
Y,0.0181
P,0.0028
G,1.0147
D,1.1866
F,1.0735
P,1.8503
D,0.5657
Y,0.2042
E,1.1045
E,1.0927
L,0.0574
R,0.4123
S,1.4487
L,1.1008
L,1.1488
S,1.1152
S,0.4655
S,1.3207
G,1.4028
T,1.4035
F,1.141
E,0.1868
R,0.8065
F,0.9288
E,0.9226
I,1.1412
F,1.9998
P,1.3228
K,1.163
S,1.9438
F,1.4117
S,1.4388
W,0.1079
T,1.52
G,1.5739
H,1.1115
T,1.9132
Q,1.9865
N,2.0558
G,0.0285
V,1.6934
S,0.9702
S,1.7385
A,0.6838
C,0.0064
P,2.1902
R,1.4624
A,2.4822
G,1.191
A,2.8097
K,1.8773
S,0.3582
F,0.0196
F,0.9925
S,1.5653
N,1.1836
L,0.5326
N,1.8274
W,0.0263
L,0.0647
T,1.6661
K,1.9348
K,1.4611
N,1.8558
N,2.4368
K,2.1836
Y,0.1155
P,0.1145
A,1.978
L,0.6702
N,1.5017
V,1.7299
S,1.0893
Y,1.0507
P,1.9923
N,0.0494
N,1.6121
K,1.9389
G,2.0774
F,1.4154
D,1.3042
K,1.5442
L,0.0365
Y,1.3297
I,1.1572
W,0.0304
G,0.0359
V,0.959
H,0.1159
H,0.0466
P,0.1932
S,1.9397
T,1.0766
D,2.2221
A,2.4886
D,0.8335
Q,0.051
I,2.0948
S,2.1588
L,0.2787
Y,0.0349
A,1.9775
Q,1.9166
A,1.8853
S,1.9124
G,1.5154
Y,1.2481
V,1.0981
T,1.5798
V,0.2195
S,1.5467
T,0.6627
S,1.1625
R,1.3739
S,1.4281
Q,1.4437
Q,1.4196
K,2.0703
V,1.551
I,1.7451
P,0.0218
N,1.4334
I,0.2123
G,1.175
S,2.2099
R,0.099
P,0.3521
K,1.5735
V,0.8135
R,0.5154
D,1.4768
Q,1.6754
E,1.9292
S,1.0518
R,0.1196
I,1.1577
S,1.473
I,1.3666
Y,0.5655
W,0.0187
T,0.1966
I,1.1329
V,0.9334
K,1.2944
P,0.3531
G,0.5491
D,0.0981
I,1.7806
I,1.1032
L,1.8685
F,1.0357
E,1.2284
S,1.1081
T,0.8259
G,0.0276
N,0.0943
L,0.3366
I,1.0499
A,0.8902
P,0.0254
R,0.8084
G,1.2705
A,1.2127
F,0.4205
K,1.2896
I,1.4577
E,1.2673
R,0.8254
S,2.1371
G,1.5793
K,1.5608
S,0.1009
S,1.4233
I,0.1806
M,1.1266
R,1.9417
S,0.2685
D,1.0259
A,1.4511
P,0.9288
I,1.873
G,1.6531
K,1.9994
C,0.0459
N,1.803
S,1.4969
E,1.8552
C,0.0199
Q,1.1046
T,0.1246
P,0.181
N,2.125
G,0.0123
A,1.1469
I,0.1435
N,1.1615
N,1.539
D,1.3482
K,1.2588
P,0.0123
F,0.0123
Q,0.4445
N,0.0567
V,0.9897
H,1.1198
P,1.3324
I,1.0832
T,0.1299
I,1.1566
G,0.0046
A,1.6649
C,0.0743
P,0.0733
K,1.0196
Y,0.0267
V,0.0828
K,0.6027
S,1.4335
T,2.1713
T,1.3354
L,0.0123
K,1.3949
L,0.584
A,0.5493
T,0.0964
G,0.0199
L,1.0215
R,0.0841
N,0.0132
V,0.9505
P,0.0123
E,1.4139
K,1.4577
Q,0.6375
T,1.3597
R,0.0548
G,0.0209
L,1.0068
F,0.0037
G,0.0263
A,0.0113
I,0.0285
A,0.0304
G,0.0304
F,0.0028
I,0.0322
E,0.0037
G,1.0225
G,0.0218
W,0.0095
E,1.3712
G,0.0104
M,0.1386
V,0.6576
D,0.1019
G,0.0028
W,0.0168
Y,0.0304
G,0.0104
F,1.0149
H,1.0641
H,0.0104
Q,0.4393
N,0.0531
S,1.3789
Q,1.0132
G,0.0028
S,1.7875
G,0.0381
Y,1.1249
A,0.0399
A,0.0104
D,0.0475
L,1.0959
K,0.4936
S,0.0028
T,0.0104
Q,0.0037
A,1.5124
A,0.0263
I,0.3005
D,0.7682
Q,1.8356
I,0.2797
T,1.0528
N,1.0674
K,0.0199
V,1.0542
N,0.0267
S,1.1132
V,1.2897
I,0.1381
E,1.3527
K,0.0434
M,1.0399
N,0.0796
T,1.2374
Q,1.0071
F,0.082
H,1.3619
A,1.1867
I,1.0338
G,1.1583
K,0.4374
E,0.0172
F,0.0449
S,1.073
E,1.738
L,1.0674
E,0.0388
G,1.5532
R,0.1202
I,1.0506
E,1.1613
N,1.1345
L,0.1874
N,1.0902
K,0.1663
K,1.0987
V,0.5732
E,1.0684
D,0.0172
G,1.1443
F,1.1485
I,1.186
D,0.0839
L,1.3791
W,0.0095
T,1.0638
Y,0.0227
N,0.0675
A,0.0776
E,0.0599
L,0.0701
L,0.0601
V,0.0701
L,1.0855
L,0.4202
E,0.0181
N,0.0209
E,1.038
R,1.0699
T,0.0518
L,1.0086
D,0.0992
L,1.5737
H,1.1002
D,0.0526
S,0.1263
N,1.0552
V,1.0209
K,1.1413
N,1.0779
L,0.0227
Y,1.0133
E,0.437
K,0.5673
V,1.018
K,1.0187
K,2.0422
Q,0.0755
L,0.0679
R,1.043
E,1.4353
N,0.0086
A,0.1897
E,1.0926
E,1.0063
M,1.4706
G,0.0282
N,0.167
G,0.0077
C,0.0141
F,0.0282
E,1.0243
F,1.0602
Y,0.0904
H,0.0397
K,0.1331
C,0.0256
D,0.5331
N,0.5681
A,1.7213
C,0.0172
M,1.0315
E,1.2701
S,0.0727
I,1.0069
R,1.0064
N,0.0371
G,0.4223
T,0.1012
Y,0.0095
D,0.2006
Y,1.0602
P,1.6151
V,1.3378
Y,0.0307
R,1.2298
E,1.1386
E,0.0077
A,0.6536
L,1.3398
L,1.1054
N,0.5122
R,0.0359
F,1.3677
Q,1.551
I,0.0643
K,1.348
G,0.1466
V,0.0953
K,1.0882
L,0.0521
K,1.2421
S,0.0624
G,1.7463
Y,1.5512
K,1.6446
Y,1.0547
Q,1.1909
I,0.0639
L,0.0218
W,1.2957
I,0.1165
Y,1.0002
F,1.1713
T,1.0752
V,1.3228
A,1.0198
C,1.1678
S,1.0197
L,0.5173
L,1.4528
L,0.1278
C,1.7584
V,0.6482
S,1.8485
L,0.6864
L,1.4371
G,1.0487
F,1.2887
S,1.2457
M,1.2682
W,0.1302
M,1.1414
C,0.1753
S,1.1872
N,1.1175
G,0.0924
S,1.0523
L,1.158
R,1.0916
C,0.0571
R,1.2222
I,0.1116
C,0.0662
I,0.0154
